link,class_name,start_time,end_time,output_folder
https://www.youtube.com/watch?v=L0OglVdoWP4,inside_leg_hang,00:01:04,00:01:14,youtube_files
https://www.youtube.com/watch?v=4FJTxDb8t7k&t=2s,inside_leg_hang,00:02:28,00:02:44,youtube_files
https://www.youtube.com/watch?v=75LetTNwfzc,inside_leg_hang,00:01:39,00:01:53,youtube_files
https://www.youtube.com/watch?v=R-rJhGOT550,inside_leg_hang,00:02:21,00:02:32,youtube_files
https://www.youtube.com/watch?v=Sobbv9mTAMM,inside_leg_hang,00:00:05,00:00:09,youtube_files
https://www.youtube.com/watch?v=Mot3Un4to_w,inside_leg_hang,00:00:31,00:00:33,youtube_files
https://www.youtube.com/watch?v=9A9mDWyhOgs,ayesha,00:01:14,00:01:16,youtube_files
https://www.youtube.com/watch?v=GuMvp97eg7o,ayesha,00:00:19,00:00:21,youtube_files
https://www.youtube.com/watch?v=wYe5M6Tq-WA,ayesha,00:00:19,00:00:22,youtube_files
https://www.youtube.com/watch?v=kaFNVSbmzfQ,ayesha,00:00:38,00:00:41,youtube_files
https://www.youtube.com/watch?v=nRmTT5JmIZA,ayesha,00:00:31,00:00:35,youtube_files
https://www.youtube.com/watch?v=iI7W3Gf3BYg,ayesha,00:02:51,00:02:54,youtube_files
https://www.youtube.com/watch?v=OB7qtwC8GXk,cupid,00:02:38,00:03:11,youtube_files
https://www.youtube.com/watch?v=VYyuzQxlYtc,cupid,00:01:35,00:01:43,youtube_files
https://www.youtube.com/watch?v=pY-PQvCqFP8,cupid,00:00:43,00:00:47,youtube_files
https://www.youtube.com/watch?v=TwVR7_Wbhck,cupid,00:00:01,00:00:07,youtube_files
https://www.youtube.com/watch?v=jokatvA1naQ,cupid,00:01:36,00:01:39,youtube_files
https://www.youtube.com/watch?v=iLDspTfZ32U,cupid,00:00:43,00:00:46,youtube_files